[
  {
    "id": 1,
    "order_date": "2024-01-17",
    "customer_id": "C021",
    "product_id": "P2084",
    "product_name": "과자",
    "category": "식품",
    "quantity": 7,
    "unit_price": 9480,
    "total_amount": 66360,
    "sales_rep": "정동훈",
    "region": "대구"
  },
  {
    "id": 2,
    "order_date": "2024-04-18",
    "customer_id": "C042",
    "product_id": "P8517",
    "product_name": "음료수",
    "category": "식품",
    "quantity": 5,
    "unit_price": 2584,
    "total_amount": 12920,
    "sales_rep": "이영희",
    "region": "부산"
  },
  {
    "id": 3,
    "order_date": "2024-10-14",
    "customer_id": "C035",
    "product_id": "P8019",
    "product_name": "청소기",
    "category": "생활용품",
    "quantity": 10,
    "unit_price": 254700,
    "total_amount": 2547000,
    "sales_rep": "박민수",
    "region": "부산"
  },
  {
    "id": 4,
    "order_date": "2024-03-11",
    "customer_id": "C033",
    "product_id": "P1771",
    "product_name": "쌀",
    "category": "식품",
    "quantity": 4,
    "unit_price": 35008,
    "total_amount": 140032,
    "sales_rep": "이영희",
    "region": "인천"
  },
  {
    "id": 5,
    "order_date": "2024-11-01",
    "customer_id": "C005",
    "product_id": "P8668",
    "product_name": "음료수",
    "category": "식품",
    "quantity": 17,
    "unit_price": 2529,
    "total_amount": 42993,
    "sales_rep": "정동훈",
    "region": "서울"
  },
  {
    "id": 6,
    "order_date": "2024-12-14",
    "customer_id": "C047",
    "product_id": "P5371",
    "product_name": "스마트워치",
    "category": "전자제품",
    "quantity": 3,
    "unit_price": 378349,
    "total_amount": 1135047,
    "sales_rep": "김철수",
    "region": "대구"
  },
  {
    "id": 7,
    "order_date": "2024-08-10",
    "customer_id": "C011",
    "product_id": "P5315",
    "product_name": "쌀",
    "category": "식품",
    "quantity": 17,
    "unit_price": 54967,
    "total_amount": 934439,
    "sales_rep": "이영희",
    "region": "광주"
  },
  {
    "id": 8,
    "order_date": "2024-02-24",
    "customer_id": "C041",
    "product_id": "P4258",
    "product_name": "청소기",
    "category": "생활용품",
    "quantity": 3,
    "unit_price": 248019,
    "total_amount": 744057,
    "sales_rep": "이영희",
    "region": "광주"
  },
  {
    "id": 9,
    "order_date": "2024-09-28",
    "customer_id": "C001",
    "product_id": "P1319",
    "product_name": "베개",
    "category": "생활용품",
    "quantity": 2,
    "unit_price": 43788,
    "total_amount": 87576,
    "sales_rep": "박민수",
    "region": "부산"
  },
  {
    "id": 10,
    "order_date": "2024-01-30",
    "customer_id": "C016",
    "product_id": "P8962",
    "product_name": "스마트폰",
    "category": "전자제품",
    "quantity": 1,
    "unit_price": 1198774,
    "total_amount": 1198774,
    "sales_rep": "정동훈",
    "region": "부산"
  },
  {
    "id": 11,
    "order_date": "2024-03-06",
    "customer_id": "C043",
    "product_id": "P3705",
    "product_name": "과일",
    "category": "식품",
    "quantity": 9,
    "unit_price": 27290,
    "total_amount": 245610,
    "sales_rep": "정동훈",
    "region": "인천"
  },
  {
    "id": 12,
    "order_date": "2024-04-18",
    "customer_id": "C035",
    "product_id": "P7537",
    "product_name": "운동화",
    "category": "의류",
    "quantity": 3,
    "unit_price": 137422,
    "total_amount": 412266,
    "sales_rep": "정동훈",
    "region": "인천"
  },
  {
    "id": 13,
    "order_date": "2024-03-02",
    "customer_id": "C016",
    "product_id": "P6539",
    "product_name": "티셔츠",
    "category": "의류",
    "quantity": 1,
    "unit_price": 39277,
    "total_amount": 39277,
    "sales_rep": "정동훈",
    "region": "부산"
  },
  {
    "id": 14,
    "order_date": "2024-10-28",
    "customer_id": "C015",
    "product_id": "P1964",
    "product_name": "스마트폰",
    "category": "전자제품",
    "quantity": 1,
    "unit_price": 835337,
    "total_amount": 835337,
    "sales_rep": "김철수",
    "region": "대구"
  },
  {
    "id": 15,
    "order_date": "2024-02-06",
    "customer_id": "C033",
    "product_id": "P8953",
    "product_name": "운동화",
    "category": "의류",
    "quantity": 2,
    "unit_price": 150678,
    "total_amount": 301356,
    "sales_rep": "이영희",
    "region": "광주"
  },
  {
    "id": 16,
    "order_date": "2024-10-22",
    "customer_id": "C031",
    "product_id": "P7669",
    "product_name": "코트",
    "category": "의류",
    "quantity": 2,
    "unit_price": 124726,
    "total_amount": 249452,
    "sales_rep": "김철수",
    "region": "인천"
  },
  {
    "id": 17,
    "order_date": "2024-06-30",
    "customer_id": "C028",
    "product_id": "P1887",
    "product_name": "음료수",
    "category": "식품",
    "quantity": 4,
    "unit_price": 1748,
    "total_amount": 6992,
    "sales_rep": "최수진",
    "region": "대구"
  },
  {
    "id": 18,
    "order_date": "2024-02-25",
    "customer_id": "C016",
    "product_id": "P9786",
    "product_name": "청바지",
    "category": "의류",
    "quantity": 4,
    "unit_price": 68373,
    "total_amount": 273492,
    "sales_rep": "최수진",
    "region": "부산"
  },
  {
    "id": 19,
    "order_date": "2024-05-22",
    "customer_id": "C030",
    "product_id": "P8260",
    "product_name": "티셔츠",
    "category": "의류",
    "quantity": 5,
    "unit_price": 23208,
    "total_amount": 116040,
    "sales_rep": "김철수",
    "region": "광주"
  },
  {
    "id": 20,
    "order_date": "2024-01-08",
    "customer_id": "C006",
    "product_id": "P7658",
    "product_name": "청바지",
    "category": "의류",
    "quantity": 4,
    "unit_price": 113092,
    "total_amount": 452368,
    "sales_rep": "이영희",
    "region": "인천"
  },
  {
    "id": 21,
    "order_date": "2024-01-31",
    "customer_id": "C011",
    "product_id": "P7396",
    "product_name": "쌀",
    "category": "식품",
    "quantity": 9,
    "unit_price": 55692,
    "total_amount": 501228,
    "sales_rep": "최수진",
    "region": "대구"
  },
  {
    "id": 22,
    "order_date": "2024-08-04",
    "customer_id": "C045",
    "product_id": "P4111",
    "product_name": "라면",
    "category": "식품",
    "quantity": 10,
    "unit_price": 4783,
    "total_amount": 47830,
    "sales_rep": "김철수",
    "region": "광주"
  },
  {
    "id": 23,
    "order_date": "2024-10-04",
    "customer_id": "C004",
    "product_id": "P1821",
    "product_name": "세제",
    "category": "생활용품",
    "quantity": 10,
    "unit_price": 12811,
    "total_amount": 128110,
    "sales_rep": "정동훈",
    "region": "광주"
  },
  {
    "id": 24,
    "order_date": "2024-03-21",
    "customer_id": "C004",
    "product_id": "P2122",
    "product_name": "노트북",
    "category": "전자제품",
    "quantity": 3,
    "unit_price": 1071262,
    "total_amount": 3213786,
    "sales_rep": "이영희",
    "region": "인천"
  },
  {
    "id": 25,
    "order_date": "2024-03-02",
    "customer_id": "C037",
    "product_id": "P1651",
    "product_name": "원피스",
    "category": "의류",
    "quantity": 5,
    "unit_price": 70745,
    "total_amount": 353725,
    "sales_rep": "최수진",
    "region": "광주"
  },
  {
    "id": 26,
    "order_date": "2024-10-16",
    "customer_id": "C034",
    "product_id": "P4346",
    "product_name": "수건",
    "category": "생활용품",
    "quantity": 6,
    "unit_price": 17821,
    "total_amount": 106926,
    "sales_rep": "박민수",
    "region": "인천"
  },
  {
    "id": 27,
    "order_date": "2024-03-08",
    "customer_id": "C043",
    "product_id": "P6180",
    "product_name": "베개",
    "category": "생활용품",
    "quantity": 2,
    "unit_price": 20610,
    "total_amount": 41220,
    "sales_rep": "최수진",
    "region": "광주"
  },
  {
    "id": 28,
    "order_date": "2024-10-15",
    "customer_id": "C007",
    "product_id": "P4492",
    "product_name": "스마트워치",
    "category": "전자제품",
    "quantity": 3,
    "unit_price": 339041,
    "total_amount": 1017123,
    "sales_rep": "이영희",
    "region": "대구"
  },
  {
    "id": 29,
    "order_date": "2024-02-05",
    "customer_id": "C016",
    "product_id": "P3584",
    "product_name": "수건",
    "category": "생활용품",
    "quantity": 8,
    "unit_price": 27800,
    "total_amount": 222400,
    "sales_rep": "박민수",
    "region": "광주"
  },
  {
    "id": 30,
    "order_date": "2024-11-30",
    "customer_id": "C034",
    "product_id": "P5905",
    "product_name": "스마트워치",
    "category": "전자제품",
    "quantity": 3,
    "unit_price": 254309,
    "total_amount": 762927,
    "sales_rep": "이영희",
    "region": "대구"
  },
  {
    "id": 31,
    "order_date": "2024-02-29",
    "customer_id": "C007",
    "product_id": "P5616",
    "product_name": "운동화",
    "category": "의류",
    "quantity": 5,
    "unit_price": 107607,
    "total_amount": 538035,
    "sales_rep": "박민수",
    "region": "부산"
  },
  {
    "id": 32,
    "order_date": "2024-12-17",
    "customer_id": "C041",
    "product_id": "P9004",
    "product_name": "청소기",
    "category": "생활용품",
    "quantity": 5,
    "unit_price": 387328,
    "total_amount": 1936640,
    "sales_rep": "김철수",
    "region": "서울"
  },
  {
    "id": 33,
    "order_date": "2024-11-20",
    "customer_id": "C028",
    "product_id": "P1058",
    "product_name": "세제",
    "category": "생활용품",
    "quantity": 6,
    "unit_price": 7143,
    "total_amount": 42858,
    "sales_rep": "박민수",
    "region": "부산"
  },
  {
    "id": 34,
    "order_date": "2024-08-14",
    "customer_id": "C036",
    "product_id": "P1158",
    "product_name": "과일",
    "category": "식품",
    "quantity": 4,
    "unit_price": 12465,
    "total_amount": 49860,
    "sales_rep": "이영희",
    "region": "광주"
  },
  {
    "id": 35,
    "order_date": "2024-01-19",
    "customer_id": "C024",
    "product_id": "P3088",
    "product_name": "코트",
    "category": "의류",
    "quantity": 1,
    "unit_price": 180808,
    "total_amount": 180808,
    "sales_rep": "박민수",
    "region": "서울"
  },
  {
    "id": 36,
    "order_date": "2024-07-02",
    "customer_id": "C014",
    "product_id": "P6794",
    "product_name": "티셔츠",
    "category": "의류",
    "quantity": 5,
    "unit_price": 48971,
    "total_amount": 244855,
    "sales_rep": "최수진",
    "region": "광주"
  },
  {
    "id": 37,
    "order_date": "2024-03-20",
    "customer_id": "C016",
    "product_id": "P7755",
    "product_name": "청바지",
    "category": "의류",
    "quantity": 1,
    "unit_price": 73509,
    "total_amount": 73509,
    "sales_rep": "박민수",
    "region": "인천"
  },
  {
    "id": 38,
    "order_date": "2024-12-08",
    "customer_id": "C048",
    "product_id": "P3608",
    "product_name": "운동화",
    "category": "의류",
    "quantity": 1,
    "unit_price": 130140,
    "total_amount": 130140,
    "sales_rep": "김철수",
    "region": "인천"
  },
  {
    "id": 39,
    "order_date": "2024-04-23",
    "customer_id": "C013",
    "product_id": "P6000",
    "product_name": "과자",
    "category": "식품",
    "quantity": 8,
    "unit_price": 3826,
    "total_amount": 30608,
    "sales_rep": "김철수",
    "region": "부산"
  },
  {
    "id": 40,
    "order_date": "2024-07-23",
    "customer_id": "C022",
    "product_id": "P5573",
    "product_name": "세제",
    "category": "생활용품",
    "quantity": 6,
    "unit_price": 13346,
    "total_amount": 80076,
    "sales_rep": "최수진",
    "region": "광주"
  },
  {
    "id": 41,
    "order_date": "2024-06-18",
    "customer_id": "C002",
    "product_id": "P3925",
    "product_name": "태블릿",
    "category": "전자제품",
    "quantity": 3,
    "unit_price": 439180,
    "total_amount": 1317540,
    "sales_rep": "김철수",
    "region": "서울"
  },
  {
    "id": 42,
    "order_date": "2024-11-01",
    "customer_id": "C028",
    "product_id": "P8149",
    "product_name": "수건",
    "category": "생활용품",
    "quantity": 10,
    "unit_price": 26758,
    "total_amount": 267580,
    "sales_rep": "김철수",
    "region": "인천"
  },
  {
    "id": 43,
    "order_date": "2024-10-22",
    "customer_id": "C013",
    "product_id": "P8144",
    "product_name": "세제",
    "category": "생활용품",
    "quantity": 1,
    "unit_price": 13518,
    "total_amount": 13518,
    "sales_rep": "정동훈",
    "region": "부산"
  },
  {
    "id": 44,
    "order_date": "2024-07-05",
    "customer_id": "C028",
    "product_id": "P6143",
    "product_name": "태블릿",
    "category": "전자제품",
    "quantity": 3,
    "unit_price": 744604,
    "total_amount": 2233812,
    "sales_rep": "김철수",
    "region": "대구"
  },
  {
    "id": 45,
    "order_date": "2024-09-16",
    "customer_id": "C020",
    "product_id": "P7592",
    "product_name": "과자",
    "category": "식품",
    "quantity": 10,
    "unit_price": 6541,
    "total_amount": 65410,
    "sales_rep": "이영희",
    "region": "부산"
  },
  {
    "id": 46,
    "order_date": "2024-08-03",
    "customer_id": "C043",
    "product_id": "P5930",
    "product_name": "라면",
    "category": "식품",
    "quantity": 13,
    "unit_price": 7488,
    "total_amount": 97344,
    "sales_rep": "김철수",
    "region": "대구"
  },
  {
    "id": 47,
    "order_date": "2024-05-26",
    "customer_id": "C014",
    "product_id": "P6279",
    "product_name": "과일",
    "category": "식품",
    "quantity": 15,
    "unit_price": 24476,
    "total_amount": 367140,
    "sales_rep": "최수진",
    "region": "부산"
  },
  {
    "id": 48,
    "order_date": "2024-09-18",
    "customer_id": "C031",
    "product_id": "P5649",
    "product_name": "티셔츠",
    "category": "의류",
    "quantity": 5,
    "unit_price": 41753,
    "total_amount": 208765,
    "sales_rep": "정동훈",
    "region": "대구"
  },
  {
    "id": 49,
    "order_date": "2024-02-17",
    "customer_id": "C049",
    "product_id": "P4680",
    "product_name": "운동화",
    "category": "의류",
    "quantity": 2,
    "unit_price": 99313,
    "total_amount": 198626,
    "sales_rep": "김철수",
    "region": "서울"
  },
  {
    "id": 50,
    "order_date": "2024-05-05",
    "customer_id": "C031",
    "product_id": "P7790",
    "product_name": "이어폰",
    "category": "전자제품",
    "quantity": 3,
    "unit_price": 200908,
    "total_amount": 602724,
    "sales_rep": "이영희",
    "region": "인천"
  },
  {
    "id": 51,
    "order_date": "2024-09-10",
    "customer_id": "C026",
    "product_id": "P1090",
    "product_name": "청바지",
    "category": "의류",
    "quantity": 1,
    "unit_price": 105724,
    "total_amount": 105724,
    "sales_rep": "이영희",
    "region": "부산"
  },
  {
    "id": 52,
    "order_date": "2024-12-22",
    "customer_id": "C034",
    "product_id": "P5082",
    "product_name": "쌀",
    "category": "식품",
    "quantity": 4,
    "unit_price": 44957,
    "total_amount": 179828,
    "sales_rep": "이영희",
    "region": "인천"
  },
  {
    "id": 53,
    "order_date": "2024-12-07",
    "customer_id": "C034",
    "product_id": "P9270",
    "product_name": "베개",
    "category": "생활용품",
    "quantity": 7,
    "unit_price": 74432,
    "total_amount": 521024,
    "sales_rep": "정동훈",
    "region": "인천"
  },
  {
    "id": 54,
    "order_date": "2024-03-22",
    "customer_id": "C048",
    "product_id": "P5246",
    "product_name": "음료수",
    "category": "식품",
    "quantity": 8,
    "unit_price": 4940,
    "total_amount": 39520,
    "sales_rep": "박민수",
    "region": "광주"
  },
  {
    "id": 55,
    "order_date": "2024-09-05",
    "customer_id": "C041",
    "product_id": "P8206",
    "product_name": "운동화",
    "category": "의류",
    "quantity": 1,
    "unit_price": 173525,
    "total_amount": 173525,
    "sales_rep": "박민수",
    "region": "부산"
  },
  {
    "id": 56,
    "order_date": "2024-05-19",
    "customer_id": "C022",
    "product_id": "P2320",
    "product_name": "청소기",
    "category": "생활용품",
    "quantity": 3,
    "unit_price": 189539,
    "total_amount": 568617,
    "sales_rep": "이영희",
    "region": "인천"
  },
  {
    "id": 57,
    "order_date": "2024-12-21",
    "customer_id": "C010",
    "product_id": "P7797",
    "product_name": "티셔츠",
    "category": "의류",
    "quantity": 4,
    "unit_price": 30842,
    "total_amount": 123368,
    "sales_rep": "정동훈",
    "region": "인천"
  },
  {
    "id": 58,
    "order_date": "2024-07-31",
    "customer_id": "C004",
    "product_id": "P7381",
    "product_name": "코트",
    "category": "의류",
    "quantity": 5,
    "unit_price": 282327,
    "total_amount": 1411635,
    "sales_rep": "김철수",
    "region": "광주"
  },
  {
    "id": 59,
    "order_date": "2024-07-13",
    "customer_id": "C031",
    "product_id": "P5892",
    "product_name": "태블릿",
    "category": "전자제품",
    "quantity": 2,
    "unit_price": 747452,
    "total_amount": 1494904,
    "sales_rep": "최수진",
    "region": "광주"
  },
  {
    "id": 60,
    "order_date": "2024-10-06",
    "customer_id": "C039",
    "product_id": "P4595",
    "product_name": "코트",
    "category": "의류",
    "quantity": 3,
    "unit_price": 214251,
    "total_amount": 642753,
    "sales_rep": "최수진",
    "region": "서울"
  },
  {
    "id": 61,
    "order_date": "2024-07-18",
    "customer_id": "C022",
    "product_id": "P8657",
    "product_name": "라면",
    "category": "식품",
    "quantity": 5,
    "unit_price": 7375,
    "total_amount": 36875,
    "sales_rep": "김철수",
    "region": "인천"
  },
  {
    "id": 62,
    "order_date": "2024-10-30",
    "customer_id": "C037",
    "product_id": "P8022",
    "product_name": "스마트폰",
    "category": "전자제품",
    "quantity": 1,
    "unit_price": 1042062,
    "total_amount": 1042062,
    "sales_rep": "이영희",
    "region": "서울"
  },
  {
    "id": 63,
    "order_date": "2024-05-13",
    "customer_id": "C025",
    "product_id": "P8449",
    "product_name": "샴푸",
    "category": "생활용품",
    "quantity": 6,
    "unit_price": 19059,
    "total_amount": 114354,
    "sales_rep": "최수진",
    "region": "대구"
  },
  {
    "id": 64,
    "order_date": "2024-08-03",
    "customer_id": "C017",
    "product_id": "P1317",
    "product_name": "이어폰",
    "category": "전자제품",
    "quantity": 3,
    "unit_price": 191405,
    "total_amount": 574215,
    "sales_rep": "김철수",
    "region": "대구"
  },
  {
    "id": 65,
    "order_date": "2024-04-24",
    "customer_id": "C042",
    "product_id": "P1508",
    "product_name": "스마트폰",
    "category": "전자제품",
    "quantity": 1,
    "unit_price": 904522,
    "total_amount": 904522,
    "sales_rep": "김철수",
    "region": "광주"
  },
  {
    "id": 66,
    "order_date": "2024-03-19",
    "customer_id": "C016",
    "product_id": "P2874",
    "product_name": "코트",
    "category": "의류",
    "quantity": 5,
    "unit_price": 157138,
    "total_amount": 785690,
    "sales_rep": "최수진",
    "region": "대구"
  },
  {
    "id": 67,
    "order_date": "2024-07-07",
    "customer_id": "C011",
    "product_id": "P6096",
    "product_name": "노트북",
    "category": "전자제품",
    "quantity": 1,
    "unit_price": 1606794,
    "total_amount": 1606794,
    "sales_rep": "김철수",
    "region": "대구"
  },
  {
    "id": 68,
    "order_date": "2024-10-21",
    "customer_id": "C044",
    "product_id": "P4249",
    "product_name": "음료수",
    "category": "식품",
    "quantity": 3,
    "unit_price": 3925,
    "total_amount": 11775,
    "sales_rep": "이영희",
    "region": "서울"
  },
  {
    "id": 69,
    "order_date": "2024-12-22",
    "customer_id": "C050",
    "product_id": "P2983",
    "product_name": "청소기",
    "category": "생활용품",
    "quantity": 10,
    "unit_price": 355163,
    "total_amount": 3551630,
    "sales_rep": "김철수",
    "region": "대구"
  },
  {
    "id": 70,
    "order_date": "2024-09-29",
    "customer_id": "C028",
    "product_id": "P9289",
    "product_name": "세제",
    "category": "생활용품",
    "quantity": 6,
    "unit_price": 5207,
    "total_amount": 31242,
    "sales_rep": "최수진",
    "region": "인천"
  },
  {
    "id": 71,
    "order_date": "2024-02-24",
    "customer_id": "C028",
    "product_id": "P3506",
    "product_name": "베개",
    "category": "생활용품",
    "quantity": 7,
    "unit_price": 31543,
    "total_amount": 220801,
    "sales_rep": "정동훈",
    "region": "대구"
  },
  {
    "id": 72,
    "order_date": "2024-11-11",
    "customer_id": "C035",
    "product_id": "P8136",
    "product_name": "음료수",
    "category": "식품",
    "quantity": 19,
    "unit_price": 2599,
    "total_amount": 49381,
    "sales_rep": "박민수",
    "region": "부산"
  },
  {
    "id": 73,
    "order_date": "2024-02-14",
    "customer_id": "C018",
    "product_id": "P8613",
    "product_name": "라면",
    "category": "식품",
    "quantity": 19,
    "unit_price": 7999,
    "total_amount": 151981,
    "sales_rep": "최수진",
    "region": "대구"
  },
  {
    "id": 74,
    "order_date": "2024-01-15",
    "customer_id": "C032",
    "product_id": "P8988",
    "product_name": "샴푸",
    "category": "생활용품",
    "quantity": 4,
    "unit_price": 19626,
    "total_amount": 78504,
    "sales_rep": "박민수",
    "region": "대구"
  },
  {
    "id": 75,
    "order_date": "2024-05-23",
    "customer_id": "C039",
    "product_id": "P1166",
    "product_name": "청소기",
    "category": "생활용품",
    "quantity": 9,
    "unit_price": 398528,
    "total_amount": 3586752,
    "sales_rep": "이영희",
    "region": "서울"
  },
  {
    "id": 76,
    "order_date": "2024-05-03",
    "customer_id": "C047",
    "product_id": "P4937",
    "product_name": "음료수",
    "category": "식품",
    "quantity": 16,
    "unit_price": 4145,
    "total_amount": 66320,
    "sales_rep": "최수진",
    "region": "인천"
  },
  {
    "id": 77,
    "order_date": "2024-01-09",
    "customer_id": "C006",
    "product_id": "P7625",
    "product_name": "샴푸",
    "category": "생활용품",
    "quantity": 4,
    "unit_price": 18033,
    "total_amount": 72132,
    "sales_rep": "정동훈",
    "region": "대구"
  },
  {
    "id": 78,
    "order_date": "2024-08-30",
    "customer_id": "C036",
    "product_id": "P6419",
    "product_name": "베개",
    "category": "생활용품",
    "quantity": 6,
    "unit_price": 66062,
    "total_amount": 396372,
    "sales_rep": "최수진",
    "region": "대구"
  },
  {
    "id": 79,
    "order_date": "2024-06-05",
    "customer_id": "C017",
    "product_id": "P4155",
    "product_name": "티셔츠",
    "category": "의류",
    "quantity": 3,
    "unit_price": 23917,
    "total_amount": 71751,
    "sales_rep": "정동훈",
    "region": "부산"
  },
  {
    "id": 80,
    "order_date": "2024-04-08",
    "customer_id": "C014",
    "product_id": "P9595",
    "product_name": "과자",
    "category": "식품",
    "quantity": 20,
    "unit_price": 4318,
    "total_amount": 86360,
    "sales_rep": "김철수",
    "region": "부산"
  },
  {
    "id": 81,
    "order_date": "2024-05-31",
    "customer_id": "C015",
    "product_id": "P5952",
    "product_name": "샴푸",
    "category": "생활용품",
    "quantity": 1,
    "unit_price": 12147,
    "total_amount": 12147,
    "sales_rep": "박민수",
    "region": "서울"
  },
  {
    "id": 82,
    "order_date": "2024-01-28",
    "customer_id": "C036",
    "product_id": "P9042",
    "product_name": "샴푸",
    "category": "생활용품",
    "quantity": 2,
    "unit_price": 8401,
    "total_amount": 16802,
    "sales_rep": "정동훈",
    "region": "대구"
  },
  {
    "id": 83,
    "order_date": "2024-08-28",
    "customer_id": "C031",
    "product_id": "P4020",
    "product_name": "과자",
    "category": "식품",
    "quantity": 2,
    "unit_price": 4068,
    "total_amount": 8136,
    "sales_rep": "최수진",
    "region": "서울"
  },
  {
    "id": 84,
    "order_date": "2024-02-03",
    "customer_id": "C026",
    "product_id": "P1878",
    "product_name": "쌀",
    "category": "식품",
    "quantity": 5,
    "unit_price": 34888,
    "total_amount": 174440,
    "sales_rep": "정동훈",
    "region": "대구"
  },
  {
    "id": 85,
    "order_date": "2024-02-13",
    "customer_id": "C016",
    "product_id": "P7818",
    "product_name": "스마트워치",
    "category": "전자제품",
    "quantity": 3,
    "unit_price": 318325,
    "total_amount": 954975,
    "sales_rep": "정동훈",
    "region": "인천"
  },
  {
    "id": 86,
    "order_date": "2024-08-18",
    "customer_id": "C029",
    "product_id": "P8025",
    "product_name": "청소기",
    "category": "생활용품",
    "quantity": 5,
    "unit_price": 299062,
    "total_amount": 1495310,
    "sales_rep": "정동훈",
    "region": "서울"
  },
  {
    "id": 87,
    "order_date": "2024-11-08",
    "customer_id": "C048",
    "product_id": "P4457",
    "product_name": "노트북",
    "category": "전자제품",
    "quantity": 2,
    "unit_price": 1692509,
    "total_amount": 3385018,
    "sales_rep": "김철수",
    "region": "부산"
  },
  {
    "id": 88,
    "order_date": "2024-05-02",
    "customer_id": "C012",
    "product_id": "P1043",
    "product_name": "노트북",
    "category": "전자제품",
    "quantity": 2,
    "unit_price": 1472387,
    "total_amount": 2944774,
    "sales_rep": "정동훈",
    "region": "인천"
  },
  {
    "id": 89,
    "order_date": "2024-05-29",
    "customer_id": "C003",
    "product_id": "P5632",
    "product_name": "운동화",
    "category": "의류",
    "quantity": 4,
    "unit_price": 89329,
    "total_amount": 357316,
    "sales_rep": "이영희",
    "region": "대구"
  },
  {
    "id": 90,
    "order_date": "2024-11-16",
    "customer_id": "C038",
    "product_id": "P2880",
    "product_name": "코트",
    "category": "의류",
    "quantity": 5,
    "unit_price": 158932,
    "total_amount": 794660,
    "sales_rep": "이영희",
    "region": "대구"
  },
  {
    "id": 91,
    "order_date": "2024-03-13",
    "customer_id": "C005",
    "product_id": "P6039",
    "product_name": "노트북",
    "category": "전자제품",
    "quantity": 3,
    "unit_price": 1785339,
    "total_amount": 5356017,
    "sales_rep": "정동훈",
    "region": "대구"
  },
  {
    "id": 92,
    "order_date": "2024-08-12",
    "customer_id": "C008",
    "product_id": "P7594",
    "product_name": "과자",
    "category": "식품",
    "quantity": 9,
    "unit_price": 6099,
    "total_amount": 54891,
    "sales_rep": "정동훈",
    "region": "인천"
  },
  {
    "id": 93,
    "order_date": "2024-08-12",
    "customer_id": "C006",
    "product_id": "P6280",
    "product_name": "이어폰",
    "category": "전자제품",
    "quantity": 3,
    "unit_price": 115632,
    "total_amount": 346896,
    "sales_rep": "김철수",
    "region": "서울"
  },
  {
    "id": 94,
    "order_date": "2024-04-27",
    "customer_id": "C044",
    "product_id": "P1659",
    "product_name": "태블릿",
    "category": "전자제품",
    "quantity": 1,
    "unit_price": 546677,
    "total_amount": 546677,
    "sales_rep": "정동훈",
    "region": "인천"
  },
  {
    "id": 95,
    "order_date": "2024-05-22",
    "customer_id": "C012",
    "product_id": "P2494",
    "product_name": "음료수",
    "category": "식품",
    "quantity": 16,
    "unit_price": 2925,
    "total_amount": 46800,
    "sales_rep": "최수진",
    "region": "대구"
  },
  {
    "id": 96,
    "order_date": "2024-06-13",
    "customer_id": "C043",
    "product_id": "P6403",
    "product_name": "노트북",
    "category": "전자제품",
    "quantity": 2,
    "unit_price": 1727369,
    "total_amount": 3454738,
    "sales_rep": "최수진",
    "region": "대구"
  },
  {
    "id": 97,
    "order_date": "2024-12-05",
    "customer_id": "C026",
    "product_id": "P2442",
    "product_name": "이어폰",
    "category": "전자제품",
    "quantity": 2,
    "unit_price": 116164,
    "total_amount": 232328,
    "sales_rep": "박민수",
    "region": "서울"
  },
  {
    "id": 98,
    "order_date": "2024-07-25",
    "customer_id": "C033",
    "product_id": "P8569",
    "product_name": "스마트워치",
    "category": "전자제품",
    "quantity": 2,
    "unit_price": 228418,
    "total_amount": 456836,
    "sales_rep": "이영희",
    "region": "광주"
  },
  {
    "id": 99,
    "order_date": "2024-07-04",
    "customer_id": "C040",
    "product_id": "P1845",
    "product_name": "음료수",
    "category": "식품",
    "quantity": 7,
    "unit_price": 2593,
    "total_amount": 18151,
    "sales_rep": "정동훈",
    "region": "부산"
  },
  {
    "id": 100,
    "order_date": "2024-05-27",
    "customer_id": "C029",
    "product_id": "P1472",
    "product_name": "쌀",
    "category": "식품",
    "quantity": 20,
    "unit_price": 56191,
    "total_amount": 1123820,
    "sales_rep": "이영희",
    "region": "부산"
  },
  {
    "id": 101,
    "order_date": "2024-06-08",
    "customer_id": "C036",
    "product_id": "P7684",
    "product_name": "스마트워치",
    "category": "전자제품",
    "quantity": 1,
    "unit_price": 317807,
    "total_amount": 317807,
    "sales_rep": "김철수",
    "region": "인천"
  },
  {
    "id": 102,
    "order_date": "2024-03-01",
    "customer_id": "C042",
    "product_id": "P5781",
    "product_name": "코트",
    "category": "의류",
    "quantity": 5,
    "unit_price": 284919,
    "total_amount": 1424595,
    "sales_rep": "박민수",
    "region": "인천"
  },
  {
    "id": 103,
    "order_date": "2024-09-04",
    "customer_id": "C031",
    "product_id": "P3369",
    "product_name": "코트",
    "category": "의류",
    "quantity": 4,
    "unit_price": 149967,
    "total_amount": 599868,
    "sales_rep": "정동훈",
    "region": "광주"
  },
  {
    "id": 104,
    "order_date": "2024-03-10",
    "customer_id": "C005",
    "product_id": "P6568",
    "product_name": "베개",
    "category": "생활용품",
    "quantity": 9,
    "unit_price": 37509,
    "total_amount": 337581,
    "sales_rep": "김철수",
    "region": "대구"
  },
  {
    "id": 105,
    "order_date": "2024-06-01",
    "customer_id": "C038",
    "product_id": "P8316",
    "product_name": "라면",
    "category": "식품",
    "quantity": 18,
    "unit_price": 6967,
    "total_amount": 125406,
    "sales_rep": "박민수",
    "region": "대구"
  },
  {
    "id": 106,
    "order_date": "2024-10-09",
    "customer_id": "C049",
    "product_id": "P6272",
    "product_name": "음료수",
    "category": "식품",
    "quantity": 7,
    "unit_price": 4356,
    "total_amount": 30492,
    "sales_rep": "이영희",
    "region": "광주"
  },
  {
    "id": 107,
    "order_date": "2024-07-15",
    "customer_id": "C015",
    "product_id": "P6213",
    "product_name": "쌀",
    "category": "식품",
    "quantity": 16,
    "unit_price": 53108,
    "total_amount": 849728,
    "sales_rep": "최수진",
    "region": "인천"
  },
  {
    "id": 108,
    "order_date": "2024-12-05",
    "customer_id": "C042",
    "product_id": "P1606",
    "product_name": "코트",
    "category": "의류",
    "quantity": 2,
    "unit_price": 231672,
    "total_amount": 463344,
    "sales_rep": "정동훈",
    "region": "대구"
  },
  {
    "id": 109,
    "order_date": "2024-02-21",
    "customer_id": "C029",
    "product_id": "P8486",
    "product_name": "스마트워치",
    "category": "전자제품",
    "quantity": 1,
    "unit_price": 275578,
    "total_amount": 275578,
    "sales_rep": "최수진",
    "region": "부산"
  },
  {
    "id": 110,
    "order_date": "2024-02-08",
    "customer_id": "C031",
    "product_id": "P7512",
    "product_name": "수건",
    "category": "생활용품",
    "quantity": 2,
    "unit_price": 20766,
    "total_amount": 41532,
    "sales_rep": "정동훈",
    "region": "인천"
  },
  {
    "id": 111,
    "order_date": "2024-06-11",
    "customer_id": "C041",
    "product_id": "P1588",
    "product_name": "과일",
    "category": "식품",
    "quantity": 20,
    "unit_price": 12242,
    "total_amount": 244840,
    "sales_rep": "이영희",
    "region": "대구"
  },
  {
    "id": 112,
    "order_date": "2024-04-26",
    "customer_id": "C048",
    "product_id": "P2612",
    "product_name": "이어폰",
    "category": "전자제품",
    "quantity": 3,
    "unit_price": 234520,
    "total_amount": 703560,
    "sales_rep": "김철수",
    "region": "인천"
  },
  {
    "id": 113,
    "order_date": "2024-03-26",
    "customer_id": "C045",
    "product_id": "P1753",
    "product_name": "세제",
    "category": "생활용품",
    "quantity": 6,
    "unit_price": 5919,
    "total_amount": 35514,
    "sales_rep": "박민수",
    "region": "대구"
  },
  {
    "id": 114,
    "order_date": "2024-07-10",
    "customer_id": "C028",
    "product_id": "P9702",
    "product_name": "청바지",
    "category": "의류",
    "quantity": 4,
    "unit_price": 124177,
    "total_amount": 496708,
    "sales_rep": "이영희",
    "region": "부산"
  },
  {
    "id": 115,
    "order_date": "2024-03-30",
    "customer_id": "C006",
    "product_id": "P4945",
    "product_name": "과일",
    "category": "식품",
    "quantity": 16,
    "unit_price": 29108,
    "total_amount": 465728,
    "sales_rep": "이영희",
    "region": "부산"
  },
  {
    "id": 116,
    "order_date": "2024-08-24",
    "customer_id": "C041",
    "product_id": "P5183",
    "product_name": "베개",
    "category": "생활용품",
    "quantity": 1,
    "unit_price": 78910,
    "total_amount": 78910,
    "sales_rep": "최수진",
    "region": "대구"
  },
  {
    "id": 117,
    "order_date": "2024-12-12",
    "customer_id": "C035",
    "product_id": "P8237",
    "product_name": "티셔츠",
    "category": "의류",
    "quantity": 3,
    "unit_price": 39253,
    "total_amount": 117759,
    "sales_rep": "박민수",
    "region": "인천"
  },
  {
    "id": 118,
    "order_date": "2024-12-19",
    "customer_id": "C017",
    "product_id": "P4263",
    "product_name": "과자",
    "category": "식품",
    "quantity": 13,
    "unit_price": 8990,
    "total_amount": 116870,
    "sales_rep": "최수진",
    "region": "서울"
  },
  {
    "id": 119,
    "order_date": "2024-05-01",
    "customer_id": "C025",
    "product_id": "P5847",
    "product_name": "청소기",
    "category": "생활용품",
    "quantity": 5,
    "unit_price": 155751,
    "total_amount": 778755,
    "sales_rep": "최수진",
    "region": "대구"
  },
  {
    "id": 120,
    "order_date": "2024-01-05",
    "customer_id": "C037",
    "product_id": "P9138",
    "product_name": "스마트워치",
    "category": "전자제품",
    "quantity": 2,
    "unit_price": 320648,
    "total_amount": 641296,
    "sales_rep": "정동훈",
    "region": "대구"
  }
]